scope,input,n,algo,millis,compares,moves,extraBytes,maxDepth,sorted,stable
kinds,random,4000,bubbleSort,83.652,7996289,12122709,8,1,1,1
kinds,random,4000,quickSort,0.642,63225,39808,16,9,1,1
kinds,random,4000,treeSort,0.5777,54867,8000,96232,27,1,1
kinds,sorted,4000,bubbleSort,0.0093,3999,0,8,1,1,1
kinds,sorted,4000,quickSort,0.201,52093,2047,16,12,1,1
kinds,sorted,4000,treeSort,24.7513,7998000,8000,128016,4000,1,1
kinds,reversed,4000,bubbleSort,104.6087,7998000,23994000,8,1,1,1
kinds,reversed,4000,quickSort,0.2223,52095,8053,16,12,1,1
kinds,reversed,4000,treeSort,24.7847,7998000,8000,128016,4000,1,1
kinds,nearly-sorted,4000,bubbleSort,18.9507,7935872,312420,8,1,1,1
kinds,nearly-sorted,4000,quickSort,0.205,52619,2568,16,12,1,1
kinds,nearly-sorted,4000,treeSort,2.1027,692937,8000,100592,572,1,1
kinds,few-unique,4000,bubbleSort,75.2203,7867695,10703898,8,1,1,1
kinds,few-unique,4000,quickSort,0.5243,57842,57691,16,11,1,0
kinds,few-unique,4000,treeSort,3.6023,1010829,8000,100272,532,1,1
growth,random,1000,bubbleSort,4.606,499149,741288,8,1,1,1
growth,random,1000,quickSort,0.135,13111,8514,16,7,1,1
growth,random,1000,treeSort,0.1067,10806,2000,24192,22,1,1
growth,random,2000,bubbleSort,22.458,1998472,3090930,8,1,1,1
growth,random,2000,quickSort,0.3347,28315,18430,16,8,1,1
growth,random,2000,treeSort,0.253,24460,4000,48216,25,1,1
growth,random,4000,bubbleSort,83.19,7996289,12122709,8,1,1,1
growth,random,4000,quickSort,0.6627,63225,39808,16,9,1,1
growth,random,4000,treeSort,0.5533,54867,8000,96232,27,1,1
growth,random,8000,bubbleSort,350.751,31992997,47594973,8,1,1,1
growth,random,8000,quickSort,1.468,134516,85263,16,9,1,1
growth,random,8000,treeSort,1.48,121818,16000,192272,32,1,1
growth,random,16000,bubbleSort,1464.527,127991180,191136084,8,1,1,1
growth,random,16000,quickSort,3.028,285417,181770,16,10,1,1
growth,random,16000,treeSort,3.149,265911,32000,384280,33,1,1
scale,random,16000,quickSort,3.0564,285417,181770,16,10,1,1
scale,random,16000,treeSort,3.0112,265911,32000,384280,33,1,1
scale,random,64000,quickSort,13.7603,1282957,822119,16,12,1,0
scale,random,64000,treeSort,16.1447,1241018,128000,1536312,37,1,1
scale,random,256000,quickSort,62.5157,5705464,3660139,16,13,1,0
scale,random,256000,treeSort,100.993,5673632,512000,6144352,42,1,1
scale,random,1024000,quickSort,267.0427,25227208,16091766,16,15,1,0
scale,random,1024000,treeSort,704.7017,25537291,2048000,24576416,50,1,1
