input,n,algo,millis,compares,moves,extraBytes,maxDepth,sorted,stable
random,1000,treeSort,0.106,10806,2000,24192,22,1,1
random,1000,treeSortAVL,0.175,8778,2000,25112,13,1,1
random,2000,treeSort,0.237,24460,4000,48216,25,1,1
random,2000,treeSortAVL,0.335,19619,4000,50120,14,1,1
random,4000,treeSort,0.5393,54867,8000,96232,27,1,1
random,4000,treeSortAVL,0.7633,43175,8000,100136,15,1,1
random,8000,treeSort,1.2967,121818,16000,192272,32,1,1
random,8000,treeSortAVL,1.7547,94270,16000,200144,16,1,1
random,16000,treeSort,2.891,265911,32000,384280,33,1,1
random,16000,treeSortAVL,4.239,204743,32000,400152,18,1,1
sorted,1000,treeSort,1.5657,499500,2000,32016,1000,1,1
sorted,1000,treeSortAVL,0.089,8977,2000,25096,11,1,1
sorted,2000,treeSort,6.406,1999000,4000,64016,2000,1,1
sorted,2000,treeSortAVL,0.208,19953,4000,50104,12,1,1
sorted,4000,treeSort,24.947,7998000,8000,128016,4000,1,1
sorted,4000,treeSortAVL,0.414,43905,8000,100112,13,1,1
sorted,8000,treeSort,104.1853,31996000,16000,256016,8000,1,1
sorted,8000,treeSortAVL,1.1447,95809,16000,200120,14,1,1
sorted,16000,treeSort,415.8103,127992000,32000,512016,16000,1,1
sorted,16000,treeSortAVL,2.0287,207617,32000,400128,15,1,1
